ablet	user.ablet
adrianm	user.adrianm
alarner	user.alarner
amann	user.amann
aphillip	user.aphillip
arnaud	user.arnaud
bguo	user.bguo
boli	user.boli
goettf	user.goettf
harrison	user.harrison
hayakawa	user.hayakawa
helenka	user.helenka
mwerth	user.mwerth
mwong	user.mwong
nancy	user.nancy
negrini	user.negrini
nino	user.nino
ordonez	user.ordonez
pethomps	user.pethomps
poll	user.poll
prieur	user.prieur
pruzicka	user.pruzicka
tbristow	user.tbristow
thuef	user.thuef
tisobe	user.tisobe
cciocca	user.cciocca
ckummer	user.ckummer
cowden	user.cowden
cpw	user.cpw
donny	user.donny
dshort	user.dshort
dtardif	user.dtardif
ebouhova	user.ebouhova
erauter	user.erauter
rjungst	user.rjungst
rseuster	user.rseuster
rsobie	user.rsobie
schegel	user.schegel
schieck	user.schieck
troska	user.troska
vlasov	user.vlasov
huangyp	user.huangyp
jez	user.jez
jfoster	user.jfoster
jsauvan	user.jsauvan
jstupak	user.jstupak
juxy	user.juxy
karagozm	user.karagozm
masik	user.masik
mattlow	user.mattlow
mgoebel	user.mgoebel
mjarrett	user.mjarrett
mkenyon	user.mkenyon
mussche	user.mussche
